[
  {"constant":true,"inputs":[{"name":"owner","type":"address"}],"name":"balanceOf","outputs":[{"name":"","type":"uint256"}],"type":"function"},
  {"constant":true,"inputs":[],"name":"decimals","outputs":[{"name":"","type":"uint8"}],"type":"function"},
  {"constant":false,"inputs":[{"name":"spender","type":"address"},{"name":"value","type":"uint256"}],"name":"approve","outputs":[{"name":"","type":"bool"}],"type":"function"},
  {"constant":true,"inputs":[{"name":"owner","type":"address"},{"name":"spender","type":"address"}],"name":"allowance","outputs":[{"name":"","type":"uint256"}],"type":"function"},
  {"constant":false,"inputs":[{"name":"recipient","type":"address"},{"name":"amount","type":"uint256"}],"name":"transfer","outputs":[{"name":"","type":"bool"}],"type":"function"}
]
